date,oil_spot_price_weekly,sum_refiner,sum_blender,sum_export,sum_import,sum_stock,natural_gas_spot,brent_spot
2010-06-06,72.9075,24800,26749,1819,51704,377915,4.44,72.71
2010-06-13,73.436,24507,27442,1819,52709,378613,4.73,72.76
2010-06-20,76.7,24736,27717,2058,55208,381991,5.1,76.22
2010-06-27,77.06,25214,27856,2058,52633,386192,4.93,76.64
2010-07-04,74.958,24559,28932,2058,53085,384178,4.66,73.86
2010-07-11,74.38749999999999,25148,28451,2058,51096,374974,4.65,73.95
2010-07-18,76.348,24606,28133,2153,54755,374049,4.48,75.7
2010-07-25,77.562,24505,28989,2153,60635,390483,4.64,76.64
2010-08-01,78.12,24562,28577,2153,53890,383621,4.75,77.24
2010-08-08,81.786,23822,28759,2153,52748,384796,4.8,82.69
2010-08-15,78.172,23228,28581,2094,53632,381565,4.42,78.21
2010-08-22,74.84400000000001,23947,29378,2094,55396,389808,4.3,74.94
2010-08-29,72.91,23501,29109,2094,53884,395639,3.96,72.82
2010-09-05,74.02000000000001,23934,28438,2094,50020,392807,3.76,75.41
2010-09-12,74.82000000000001,23350,27617,2222,49617,388352,3.8,77.17
2010-09-19,75.616,23981,27059,2222,51602,389198,4.01,78.44
2010-09-26,73.756,23456,28698,2222,50202,390945,4.01,78.38
2010-10-03,78.40599999999999,22544,28933,2222,49266,395598,3.79,79.82
2010-10-10,82.29400000000001,21883,29880,2222,45252,396367,3.52,83.87
2010-10-17,82.164,22127,30431,2219,47900,397670,3.49,83.11
2010-10-24,81.148,21770,30273,2219,52731,398313,3.37,81.43
2010-10-31,82.03,21091,29807,2219,47619,400693,3.31,82.25
2010-11-07,84.928,21604,29754,2219,45180,396214,3.39,85.6
2010-11-14,86.90799999999999,21508,29727,2155,43965,383870,3.7,87.43
2010-11-21,82.23400000000001,22604,29517,2155,50087,380632,3.73,83.94
2010-11-28,82.2775,21929,28256,2155,46511,386920,3.9,83.51
2010-12-05,86.752,22975,30280,2155,50540,383463,4.2,88.1
2010-12-12,88.49600000000001,22824,30527,2285,43161,366403,4.46,90.25
2010-12-19,88.268,23165,30425,2285,49611,354732,4.26,90.91
2010-12-26,89.6625,22512,30895,2285,49397,345267,4.09,92.9
2011-01-02,90.966,23366,27837,2285,45708,342947,4.16,93.17
2011-01-09,89.54400000000001,22611,27472,2285,49816,328103,4.52,94.72
2011-01-16,91.024,22336,27912,2274,50447,341284,4.46,97.09
2011-01-23,89.7525,22696,28312,2274,52032,353942,4.57,97.34
2011-01-30,86.114,21281,28725,2274,50874,364477,4.45,96.62
2011-02-06,89.52000000000001,22217,28458,2274,50410,362462,4.51,100.36
2011-02-13,85.514,20971,29078,2201,46389,359628,4.17,99.9
2011-02-20,84.13399999999999,20425,30295,2201,44998,360167,3.9,102.81
2011-02-27,95.26,21281,30314,2201,44483,353935,3.84,110.49
2011-03-06,101.05199999999999,21351,29553,2201,46343,362829,3.82,114.53
2011-03-13,103.73800000000001,20696,29842,2361,47465,368316,3.8,114.45
2011-03-20,99.78999999999999,21511,30262,2361,50095,367319,3.88,112.67
2011-03-27,104.40599999999999,21667,29031,2361,50420,370432,4.12,115.41
2011-04-03,105.08399999999999,21491,29494,2361,50007,369769,4.3,116.49
2011-04-10,109.28599999999999,20610,29743,2361,47726,370603,4.15,123.03
2011-04-17,107.75,21597,30269,2256,45473,369321,4.12,123.57
2011-04-24,109.11,20471,29435,2256,52503,375985,4.27,122.74
2011-05-01,112.296,20634,30681,2256,50200,384001,4.39,125.36
2011-05-08,105.83600000000001,20911,30021,2256,50060,387909,4.5,119.56
2011-05-15,99.866,20894,31118,2225,47369,385898,4.18,114.53
2011-05-22,97.994,21700,30916,2225,52188,391176,4.15,112.02
2011-05-29,99.546,22452,31500,2225,53510,394779,4.35,113.41
2011-06-05,100.9225,22795,29827,2225,48535,388427,4.65,115.68
2011-06-12,100.054,22097,31071,2488,47992,388654,4.83,117.73
2011-06-19,95.874,21855,31882,2488,50672,385227,4.56,116.79
2011-06-26,92.696,22088,31262,2488,48852,375923,4.33,110.18
2011-07-03,93.702,22669,31690,2488,53517,374740,4.32,109.03
2011-07-10,97.1225,22230,30523,2488,49804,366483,4.3,115.39
2011-07-17,96.72,22218,31526,2344,51046,358694,4.41,117.72
2011-07-24,98.006,21907,31680,2344,53718,370122,4.58,118.2
2011-07-31,97.828,21865,31765,2344,50173,374897,4.4,117.7
2011-08-07,90.854,22054,32324,2344,49521,367010,4.21,112.65
2011-08-14,82.862,21395,32394,2451,50346,378645,4.08,105.3
2011-08-21,85.364,22465,31369,2451,48727,379649,4.01,109.54
2011-08-28,85.056,23025,32082,2451,51864,382564,4.01,111.06
2011-09-04,88.072,22066,30603,2451,46465,377872,4.01,116.11
2011-09-11,87.905,22115,30651,2451,46573,361916,3.96,115.97
2011-09-18,88.934,21652,31104,2551,45925,346565,3.95,114.98
2011-09-25,83.652,22260,30351,2551,52334,351107,3.77,111.98
2011-10-02,81.178,23041,30373,2551,47732,339802,3.81,107.69
2011-10-09,79.434,20831,30500,2551,49327,341429,3.53,104.03
2011-10-16,85.348,21526,29932,2813,42422,339268,3.48,111.59
2011-10-23,86.818,21291,30385,2813,50873,349201,3.62,111.47
2011-10-30,92.316,21919,30859,2813,49291,348093,3.62,111.33
2011-11-06,93.244,21309,29002,2813,47129,342212,3.47,109.84
2011-11-13,96.966,22094,30515,2829,46480,340554,3.42,114.68
2011-11-20,99.31800000000001,23198,30348,2930,46617,336057,3.1,110.69
2011-11-27,96.89,23447,28942,2930,49906,336634,2.92,106.67
2011-12-04,99.90599999999999,23682,29744,2930,52476,336066,3.37,110.05
2011-12-11,100.078,23902,30352,2916,47159,326085,3.39,109.31
2011-12-18,96.064,23115,31089,2916,42084,311227,3.08,106.26
2011-12-25,97.74,23428,30909,2916,49451,319486,3.04,107.72
2012-01-01,99.81,22826,28152,2916,48859,320707,3.04,107.51
2012-01-08,102.3875,23032,27546,2916,53139,332678,2.92,112.51
2012-01-15,100.43199999999999,21952,28779,2958,45067,322818,2.81,111.78
2012-01-22,99.945,20660,28978,2958,48667,329692,2.4,109.6
2012-01-29,99.354,21188,28461,2958,49251,337746,2.57,109.18
2012-02-05,97.8,20745,28979,2958,46241,333725,2.45,111.2
2012-02-12,98.56,20870,29583,3133,47488,339151,2.51,117.21
2012-02-19,101.726,20450,29892,3193,49646,337826,2.52,119.79
2012-02-26,107.175,20860,30041,3193,49321,343298,2.63,123.34
2012-03-04,107.52000000000001,20648,29244,3193,47144,340345,2.45,124.88
2012-03-11,106.324,20071,30181,3193,47109,349518,2.26,126.62
2012-03-18,106.15,20388,29443,2772,44777,350684,2.11,126.22
2012-03-25,106.41000000000001,20319,30006,2772,49865,363679,2.16,124.35
2012-04-01,105.122,20631,30202,2772,52937,376626,2.06,124.43
2012-04-08,103.52250000000001,19692,30464,2772,46267,381094,1.97,124.18
2012-04-15,102.55199999999999,20493,31224,2765,46918,383456,1.93,120.87
2012-04-22,103.152,20070,29727,2765,47539,390190,1.86,117.18
2012-04-29,103.78399999999999,19584,30056,2765,47728,394515,2.0,118.1
2012-05-06,103.47200000000001,20349,30774,2765,48121,399997,2.26,116.67
2012-05-13,96.984,20384,31427,2930,48964,403089,2.33,111.78
2012-05-20,93.108,20271,32083,2930,46776,402607,2.49,109.87
2012-05-27,90.88199999999999,20045,32735,2930,48937,404469,2.59,108.14
2012-06-03,87.0575,21335,30709,2930,48693,406673,2.37,103.47
2012-06-10,84.434,21629,32257,2974,50007,405373,2.33,99.03
2012-06-17,83.27000000000001,21058,31654,2974,52066,408617,2.24,97.21
2012-06-24,81.11,21135,32185,2974,49701,414750,2.52,92.46
2012-07-01,80.226,21292,32412,2974,48434,406289,2.76,91.23
2012-07-08,85.735,21750,32079,2974,47437,403449,2.84,98.8
2012-07-15,85.78,20869,30986,2974,48107,403215,2.82,99.88
2012-07-22,90.34,20978,31826,2886,53271,405478,2.92,105.4
2012-07-29,88.876,20524,31253,2886,45465,396351,3.13,104.18
2012-08-05,89.098,20679,31939,2886,46931,394372,3.12,107.27
2012-08-12,93.14,21243,31912,2906,48316,388201,2.92,112.49
2012-08-19,94.434,21102,31911,2906,44753,383404,2.77,115.04
2012-08-26,96.224,20945,32086,2906,51675,389333,2.79,116.1
2012-09-02,95.684,19929,32062,2906,44771,375275,2.72,113.02
2012-09-09,95.675,20357,29570,2906,47194,375260,2.82,114.11
2012-09-16,97.562,20499,30672,2954,53500,384502,2.88,115.41
2012-09-23,93.702,21281,30761,2954,41997,384661,2.76,111.83
2012-09-30,91.348,20750,30609,2954,44511,381882,2.93,110.35
2012-10-07,90.814,19853,30546,2954,44095,383892,3.22,111.41
2012-10-14,91.422,20954,30052,2819,46008,384178,3.26,114.88
2012-10-21,91.59,20688,31126,2819,48769,395306,3.31,113.59
2012-10-28,86.354,21705,31194,2819,43569,391243,3.41,108.27
2012-11-04,85.87,21425,30817,2819,43517,392288,3.44,108.85
2012-11-11,85.982,21206,30490,2861,43604,389791,3.4,107.78
2012-11-18,85.866,21863,30583,2861,43068,388414,3.54,109.12
2012-11-25,87.4,21078,30570,2861,44311,389243,3.61,110.26
2012-12-02,87.274,22604,30231,2861,45610,382857,3.66,109.82
2012-12-09,87.002,22356,30441,2861,47030,384529,3.41,109.08
2012-12-16,85.712,22569,30889,2987,46797,381364,3.3,109.1
2012-12-23,88.244,23055,31669,2987,44596,379736,3.3,109.79
2012-12-30,90.1425,22269,29084,2987,39270,359715,3.34,109.81
2013-01-06,92.765,22100,27003,2987,45848,356211,3.28,112.35
2013-01-13,93.38,21292,29076,2987,43680,350377,3.18,112.37
2013-01-20,94.582,20980,29017,3135,42907,360770,3.44,111.35
2013-01-27,95.4125,21500,29381,3135,44603,364880,3.54,113.72
2013-02-03,97.33200000000001,21453,29440,3135,41366,371212,3.26,115.13
2013-02-10,96.176,20522,29729,3135,41687,371086,3.33,117.15
2013-02-17,96.954,19756,30434,3135,42278,378441,3.26,118.1
2013-02-24,94.38,21452,30418,3327,43317,380536,3.28,115.3
2013-03-03,92.19,20042,30558,3327,40593,387718,3.48,112.42
2013-03-10,91.00399999999999,19561,30508,3327,42078,392876,3.57,109.98
2013-03-17,92.7,19750,30597,2939,39681,397296,3.74,108.41
2013-03-24,93.04599999999999,20286,31577,2939,43892,400869,3.99,107.33
2013-03-31,96.0775,20019,30723,2939,43307,402534,4.05,107.68
2013-04-07,95.074,20593,31730,2939,42824,404378,3.99,107.06
2013-04-14,93.36,20071,31709,2939,41691,401772,4.13,103.25
2013-04-21,88.0,19427,32223,2940,41896,407497,4.25,98.09
2013-04-28,90.998,19561,32225,2940,45557,421467,4.24,100.61
2013-05-05,93.4,19703,31995,2940,43245,415747,4.23,101.53
2013-05-12,95.84400000000001,20867,32137,2940,41989,414374,3.89,103.77
2013-05-19,94.648,20807,32940,2778,45196,412361,3.95,102.91
2013-05-26,94.756,20242,33072,2778,43604,417828,4.14,102.3
2013-06-02,93.32,21742,32046,2778,40427,412300,4.12,102.03
2013-06-09,94.25,21296,32953,2778,43505,416787,3.94,102.92
2013-06-16,96.35799999999999,20675,32764,2778,45657,413780,3.77,103.39
2013-06-23,96.652,21182,32787,2907,46760,413272,3.87,103.93
2013-06-30,95.83,21462,33783,2907,40521,401442,3.72,101.43
2013-07-07,100.65,22626,33536,2907,40673,390459,3.54,105.18
2013-07-14,104.704,21987,31354,2907,42872,377465,3.66,108.26
2013-07-21,106.88199999999999,22203,32478,3007,44077,379263,3.69,109.41
2013-07-28,105.876,21406,32814,3007,44908,379799,3.67,108.4
2013-08-04,105.54400000000001,21968,32786,3007,43984,377852,3.45,108.61
2013-08-11,105.16600000000001,20949,32566,3007,43098,368005,3.32,108.56
2013-08-18,106.974,21535,32916,3300,43211,365315,3.35,110.73
2013-08-25,105.476,21189,33013,3300,45927,373200,3.49,111.12
2013-09-01,108.33,21556,33033,3300,45142,372513,3.55,115.32
2013-09-08,108.77000000000001,21279,32014,3300,43084,375727,3.64,116.03
2013-09-15,108.356,21667,32016,3300,41662,368414,3.61,113.22
2013-09-22,106.218,20826,31997,3484,43882,373192,3.71,109.98
2013-09-29,103.096,20753,32031,3484,45374,380747,3.55,108.8
2013-10-06,103.144,19549,32912,3484,44201,390350,3.56,108.63
2013-10-13,102.69800000000001,20367,32750,3484,44256,390746,3.7,110.3
2013-10-20,101.50800000000001,20547,32087,3484,41746,402630,3.79,110.11
2013-10-27,97.572,20479,33123,3435,41566,410370,3.69,107.82
2013-11-03,96.938,19861,34026,3435,40275,406114,3.55,107.61
2013-11-10,94.306,20934,34598,3435,43139,410689,3.47,104.54
2013-11-17,93.944,21325,34222,3435,42473,405167,3.62,107.1
2013-11-24,93.92,21747,33400,3500,42144,409649,3.68,109.32
2013-12-01,92.9675,21999,33193,3500,42998,404081,3.87,111.32
2013-12-08,96.20599999999999,22965,32859,3500,37412,390097,3.94,112.28
2013-12-15,97.22999999999999,21901,32934,3500,42672,383401,4.31,109.1
2013-12-22,97.854,22717,34975,3699,40895,372667,4.25,110.34
2013-12-29,99.1525,22010,31849,3699,40121,364513,4.45,111.72
2014-01-05,96.4675,22170,30165,3699,42648,352773,4.36,108.73
2014-01-12,92.41600000000001,20375,31745,3699,37203,342340,4.31,107.01
2014-01-19,92.976,19808,32089,3699,41037,344802,4.39,107.83
2014-01-26,96.1875,20712,32419,3783,43973,353999,5.08,109.14
2014-02-02,97.28999999999999,20341,31766,3783,38358,359320,5.29,108.83
2014-02-09,97.78,20386,32295,3783,43186,363923,6.35,107.73
2014-02-16,100.208,19329,32013,3783,40417,367212,6.55,109.12
2014-02-23,102.9325,19925,33005,3877,38387,369228,6.0,109.74
2014-03-02,102.772,20767,33372,3877,39362,375326,5.1,109.17
2014-03-09,103.074,20044,33365,3877,40244,388726,6.24,109.14
2014-03-16,99.554,20178,34073,3877,40174,397231,4.58,108.01
2014-03-23,99.774,19912,34369,3877,41859,408028,4.43,106.53
2014-03-30,100.66,20435,34707,3676,37483,404119,4.46,106.54
2014-04-06,100.462,20917,35551,3676,40136,410409,4.45,105.26
2014-04-13,102.72,20947,34830,3676,45393,419978,4.63,106.51
2014-04-20,103.94749999999999,20960,35278,3676,42710,424064,4.65,109.07
2014-04-27,102.112,21173,36535,3146,41105,434798,4.8,109.21
2014-05-04,100.508,21267,36507,3146,38369,429874,4.76,109.15
2014-05-11,100.28999999999999,20887,38085,3146,39923,433934,4.74,108.48
2014-05-18,101.916,21134,37835,3146,36815,422299,4.46,109.53
2014-05-25,103.82000000000001,21628,38312,3227,43080,427048,4.52,110.72
2014-06-01,103.9525,21953,36960,3227,40285,414637,4.52,109.62
2014-06-08,103.234,19732,37302,3227,39093,414211,4.61,108.98
2014-06-15,105.968,20586,38072,3227,40247,412024,4.61,110.98
2014-06-22,107.228,20109,37754,3665,39930,416472,4.66,114.29
2014-06-29,106.69200000000001,20505,37882,3665,39396,409079,4.52,113.09
2014-07-06,105.5175,20615,37604,3665,40024,401132,4.41,110.26
2014-07-13,103.25399999999999,20348,36685,3665,40479,395034,4.19,107.03
2014-07-20,102.36800000000001,19765,37577,3665,40610,391764,4.11,105.39
2014-07-27,104.346,19858,37664,4102,42065,391734,3.84,106.34
2014-08-03,102.194,19867,37636,4102,40413,386863,3.79,105.71
2014-08-10,97.49600000000001,19451,38065,4102,43066,391185,3.92,103.6
2014-08-17,97.172,19213,36918,4102,41852,382002,3.9,101.94
2014-08-24,94.954,19131,38104,4106,40661,378264,3.85,99.88
2014-08-31,96.258,18571,37103,4106,42327,379197,4.01,100.64
2014-09-07,94.0625,19053,36845,4106,41381,378179,3.93,100.45
2014-09-14,92.42999999999999,18370,36026,4106,43568,376488,3.91,97.32
2014-09-21,93.52000000000001,18515,37947,4106,37616,372857,3.95,97.02
2014-09-28,93.15,17581,36728,4394,38953,368750,3.88,95.01
2014-10-05,91.444,18131,35923,4394,41531,368481,4.02,93.41
2014-10-12,87.628,17339,37540,4394,41443,379729,3.87,90.19
2014-10-19,82.88,17402,37535,4394,39925,391440,3.82,85.5
2014-10-26,82.122,17159,37224,4429,38840,390304,3.63,85.58
2014-11-02,81.292,18228,36300,4429,37238,391183,3.65,85.56
2014-11-09,78.24199999999999,18643,36282,4429,37930,386526,3.83,83.04
2014-11-16,76.49600000000001,18649,36589,4429,41319,391040,4.16,79.9
2014-11-23,75.378,19078,36839,4152,40371,392562,4.34,77.62
2014-11-30,72.355,19573,36316,4152,40028,388748,4.16,76.63
2014-12-07,67.178,20211,35855,4152,41441,390451,3.75,69.72
2014-12-14,61.136,20812,36715,4152,40201,392059,3.66,64.08
2014-12-21,55.89,20515,37642,4147,46312,403582,3.69,59.77
2014-12-28,55.58,21049,36169,4147,39453,406449,2.94,58.69
2015-01-04,53.4425,20223,33443,4147,39606,399444,3.09,56.03
2015-01-11,48.774,19257,34519,4147,41270,403038,3.03,49.47
2015-01-18,47.066,18580,35991,4147,40388,408455,3.08,46.58
2015-01-25,46.457499999999996,17980,35977,4594,41948,421556,2.95,46.44
2015-02-01,45.326,18266,35963,4594,41087,431328,2.91,46.76
2015-02-08,50.576,18581,35371,4594,40253,436503,2.72,54.62
2015-02-15,51.136,17714,36132,4594,39409,444256,2.75,56.57
2015-02-22,51.69,18829,36613,4905,40928,455249,2.9,60.57
2015-03-01,49.156,18685,36154,4905,40893,466563,3.13,60.63
2015-03-08,50.384,18900,35926,4905,37067,474412,3.04,60.12
2015-03-15,47.686,18580,36798,4905,41948,483817,2.76,56.51
2015-03-22,44.394,18757,36696,4763,40609,488852,2.8,52.72
2015-03-29,48.684,19104,37033,4763,40398,494225,2.79,55.01
2015-04-05,48.9075,18883,37064,4763,45262,511596,2.64,54.79
2015-04-12,51.778,19246,38225,4763,39923,514165,2.67,56.51
2015-04-19,54.779999999999994,18901,37709,4763,43122,525953,2.61,59.12
2015-04-26,56.138,18729,38039,4450,42290,528069,2.6,61.41
2015-05-03,57.976,20154,37537,4450,35776,525928,2.57,63.49
2015-05-10,59.726,20812,38190,4450,39185,523394,2.75,65.01
2015-05-17,60.013999999999996,20432,39094,4450,40450,524739,2.88,64.9
2015-05-24,58.952,21086,38839,4235,37824,522262,2.99,64.31
2015-05-31,58.185,21411,37605,4235,40328,514245,2.8,61.57
2015-06-07,59.664,19152,38043,4235,36922,509778,2.65,61.9
2015-06-14,60.072,18685,39088,4235,39944,506140,2.78,63.24
2015-06-21,59.891999999999996,18183,38753,4883,38026,495944,2.9,60.65
2015-06-28,60.013999999999996,18975,38839,4883,42676,503815,2.8,60.84
2015-07-05,57.9225,19664,38679,4883,41192,503482,2.79,60.36
2015-07-12,52.384,19343,37870,4883,40968,499678,2.75,56.63
2015-07-19,51.684000000000005,18836,38609,4883,44223,505483,2.89,57.17
2015-07-26,49.212,19602,38454,4883,42058,498943,2.88,55.75
2015-08-02,47.910000000000004,19117,38864,5036,39755,491599,2.87,54.14
2015-08-09,44.938,19711,38908,5036,42552,485687,2.8,48.59
2015-08-16,43.198,19013,39291,5036,45418,485491,2.88,47.94
2015-08-23,41.342,19187,38253,4649,40094,482265,2.75,46.0
2015-08-30,40.726,18868,39424,4649,43500,487029,2.69,43.53
2015-09-06,46.730000000000004,18044,38729,4649,41118,491519,2.69,48.87
2015-09-13,45.1625,19314,37445,4649,39262,488935,2.7,47.6
2015-09-20,45.482,19254,38389,4649,39729,494165,2.7,47.34
2015-09-27,45.572,18227,37837,5087,41932,503395,2.61,47.33
2015-10-04,44.998000000000005,19164,37826,5087,38789,513139,2.49,46.99
2015-10-11,48.36,18075,37936,5087,40764,519046,2.38,51.33
2015-10-18,46.82000000000001,18107,38532,5087,40742,527508,2.48,48.99
2015-10-25,45.156,18617,39294,4701,38799,533463,2.38,46.81
2015-11-01,44.989999999999995,18320,38008,4701,37129,535377,2.12,47.15
2015-11-08,45.982,19491,36854,4701,40281,539313,2.02,47.23
2015-11-15,42.696,20185,37242,4701,37779,535954,2.11,44.75
2015-11-22,40.62,19095,38057,5043,40010,535420,2.09,41.54
2015-11-29,40.4875,19546,37557,5043,42036,538584,2.15,43.65
2015-12-06,40.403999999999996,19681,35963,5043,44251,524432,2.13,42.41
2015-12-13,36.934,19418,38479,5043,45763,541047,1.96,38.76
2015-12-20,35.775999999999996,18348,37701,4843,39799,527306,1.72,36.84
2015-12-27,36.262499999999996,18717,39212,4843,42598,530442,1.68,35.9
2016-01-03,36.99,18872,33840,4843,40739,522098,2.27,36.55
2016-01-10,34.648,18318,34474,4843,44284,516457,2.38,34.19
2016-01-17,30.586000000000002,18805,36706,4843,43422,527060,2.32,29.1
2016-01-24,29.1925,17704,37327,4763,42843,541395,2.2,27.76
2016-01-31,31.808,16750,34991,4763,45428,549378,2.22,31.75
2016-02-07,31.26,17925,36876,4763,39460,547293,2.11,32.18
2016-02-14,28.144,18987,37931,4763,44220,546563,2.16,30.41
2016-02-21,30.0225,17721,37845,4763,43007,555652,1.94,32.29
2016-02-28,31.322000000000003,18024,37768,5159,45297,574344,1.82,33.12
2016-03-06,34.434000000000005,17912,37877,5159,44122,579927,1.57,36.28
2016-03-13,37.694,18204,38114,5159,42375,588998,1.64,39.3
2016-03-20,38.318,18369,37372,5159,45663,605668,1.79,38.5
2016-03-27,39.445,18429,37923,5159,42185,609158,1.79,39.41
2016-04-03,36.821999999999996,18391,38027,4362,40697,600826,1.86,37.0
2016-04-10,36.72,18002,38708,4362,43836,613043,1.96,37.51
2016-04-17,41.226,17406,38449,4362,44611,612677,1.9,42.35
2016-04-24,41.856,17174,39190,4388,42740,616639,1.91,43.04
2016-05-01,44.298,17538,39191,4388,42694,611032,1.92,44.46
2016-05-08,44.215999999999994,17221,38805,4388,42360,609528,1.96,44.2
2016-05-15,45.44,18042,39600,4388,42602,612345,2.0,45.2
2016-05-22,47.992,17294,39515,4388,41834,604536,1.89,48.34
2016-05-29,48.724000000000004,17592,39891,4707,43314,601932,1.84,48.73
2016-06-05,49.0,18273,38550,4707,43178,593266,2.15,48.91
2016-06-12,50.184000000000005,18126,39708,4707,42962,594122,2.36,49.94
2016-06-19,47.888,18320,39672,4707,46760,590452,2.59,47.39
2016-06-26,48.71,18561,40777,5090,43572,588651,2.75,48.12
2016-07-03,48.174,18973,40999,5090,46213,591077,2.89,47.09
2016-07-10,46.1725,19380,39440,5090,43751,587793,2.82,45.96
2016-07-17,45.598,18819,39818,5090,45559,582916,2.81,45.54
2016-07-24,44.44,18278,40039,5255,46904,586972,2.79,45.22
2016-07-31,41.826,18580,40620,5255,48014,583219,2.85,42.55
2016-08-07,40.82,18177,40753,5255,46429,589496,2.88,40.88
2016-08-14,43.114,18904,40842,5255,45310,588336,2.77,43.63
2016-08-21,47.156,18360,39610,5255,48227,589741,2.73,48.6
2016-08-28,47.048,18849,39902,5674,48821,594524,2.82,48.65
2016-09-04,45.106,19301,39608,4567,39413,576650,2.94,47.31
2016-09-11,45.9575,18716,39521,4621,44708,579925,2.87,47.51
2016-09-18,44.339999999999996,18573,38970,6324,45613,572987,3.02,46.21
2016-09-25,44.596000000000004,18336,38833,5971,43461,571028,3.11,46.24
2016-10-02,46.552,18321,39430,5730,43053,562943,3.01,46.74
2016-10-09,49.483999999999995,18300,39045,5092,43287,304261,2.91,49.52
2016-10-16,50.288,17478,39148,4385,38977,301081,3.17,49.94
2016-10-23,50.556,17672,39255,5015,39172,301751,3.14,50.33
2016-10-30,49.362,17833,40097,5002,48887,309947,2.72,48.95
2016-11-06,45.507999999999996,18622,39865,5300,40781,308947,2.5,44.63
2016-11-13,44.61,18491,38575,5720,47084,314577,2.22,43.09
2016-11-20,45.153999999999996,19219,39139,5281,42636,312689,2.44,44.01
2016-11-27,47.2475,19735,38794,5556,42753,314863,2.76,46.49
2016-12-04,48.628,19812,37683,5765,45929,311735,3.21,48.78
2016-12-11,50.974000000000004,19287,38361,6229,40747,312641,3.69,52.26
2016-12-18,51.914,19335,39641,5988,45862,311953,3.57,53.26
2016-12-25,51.955999999999996,19513,40200,7121,44251,314067,3.51,53.81
2017-01-01,53.595,19481,35706,6358,40408,308021,3.69,54.96
2017-01-08,53.3425,20055,34872,6673,49399,313208,3.47,55.13
2017-01-15,52.065999999999995,18359,35923,6018,46444,312709,3.27,54.02
2017-01-22,51.8225,18192,35553,6139,44007,313611,3.29,54.19
2017-01-29,52.742000000000004,17505,35666,5838,45473,320785,3.27,54.91
2017-02-05,53.327999999999996,18107,37488,6515,51948,332841,3.12,55.53
2017-02-12,52.879999999999995,17273,36452,6559,46432,338964,3.04,54.48
2017-02-19,53.220000000000006,16232,37237,7109,40827,338323,2.87,54.46
2017-02-26,54.025,17523,37767,6056,42592,341126,2.62,55.4
2017-03-05,53.564,17840,37176,7121,45342,343001,2.52,54.4
2017-03-12,50.5,17565,38775,6402,41328,342722,2.75,52.78
2017-03-19,48.034000000000006,17865,38608,5884,45488,344151,2.96,50.29
2017-03-26,47.28,18342,38479,7220,45880,345928,2.99,50.1
2017-04-02,49.138,18149,38586,5885,43593,350082,3.03,51.33
2017-04-09,51.263999999999996,18152,38719,5722,42301,346535,3.18,53.28
2017-04-16,53.1875,18533,38713,6432,43019,342753,3.05,54.83
2017-04-23,51.094,18511,39545,7131,49295,340328,3.1,52.08
2017-04-30,49.122,18319,39903,5813,45387,341113,3.09,49.55
2017-05-07,47.209999999999994,18666,39373,5968,43189,334296,3.14,48.7
2017-05-14,47.044,18439,40563,7091,47039,328820,3.12,48.0
2017-05-21,49.244,18710,40458,5892,45869,325959,3.21,51.75
2017-05-28,50.214,18957,40645,7536,44400,320704,3.18,52.58
2017-06-04,48.480000000000004,19471,38426,5674,46290,322658,3.03,50.23
2017-06-11,46.565999999999995,18903,39980,5892,43708,320174,2.98,47.28
2017-06-18,45.3,18965,40345,5414,43912,319992,3.03,46.18
2017-06-25,43.089999999999996,19129,41166,6127,43712,320850,2.89,44.63
2017-07-02,44.626,18378,40348,5884,43293,318449,3.01,46.16
2017-07-09,44.96,20367,39965,6538,41672,310427,2.95,48.17
2017-07-16,45.506,18136,39366,6265,43931,309683,2.96,47.1
2017-07-23,46.406,19233,40683,6570,44389,303515,3.09,47.99
2017-07-30,48.266,18787,40749,5781,44880,305229,2.96,49.95
2017-08-06,49.519999999999996,19317,39854,5597,44021,301706,2.8,52.04
2017-08-13,49.076,19589,40138,6510,44872,295165,2.85,51.96
2017-08-20,47.524,18798,41138,6275,47695,290904,2.95,50.58
2017-08-27,47.676,19048,40725,6313,44693,287454,2.97,52.03
2017-09-03,46.68,16047,38855,2333,39044,289980,2.93,52.25
2017-09-10,48.575,16129,37902,4509,36271,300883,2.91,53.88
2017-09-17,49.065999999999995,17977,37659,6345,40948,305239,2.96,55.54
2017-09-24,50.124,17062,39050,7576,42923,302037,3.09,57.03
2017-10-01,51.774,18881,39676,9007,41186,299141,2.96,58.75
2017-10-08,50.232,18165,40144,7215,42453,295921,2.84,56.08
2017-10-15,50.769999999999996,17887,39254,8644,41836,287171,2.92,56.21
2017-10-22,51.739999999999995,17802,39741,9587,44006,287596,2.84,57.78
2017-10-29,52.50599999999999,19076,39576,9811,41969,280875,2.91,58.58
2017-11-05,54.59400000000001,20502,39077,6723,41197,283226,2.78,61.04
2017-11-12,57.052,19607,39095,7271,43658,284612,3.12,64.29
2017-11-19,55.814,21050,39166,8603,43208,280342,3.1,61.52
2017-11-26,57.4675,20847,39202,8740,40186,277239,3.05,62.68
2017-12-03,57.812,21009,37164,7757,39909,273358,2.94,63.73
2017-12-10,56.916,20460,39182,6718,41335,269756,2.84,63.08
2017-12-17,57.168000000000006,20643,38482,9411,44133,266878,2.77,64.35
2017-12-24,57.86800000000001,20920,39921,8007,44292,259654,2.69,64.36
2017-12-31,59.88,20807,36257,7420,43584,255146,3.03,66.52
2018-01-07,61.3625,20444,34008,7160,42157,250188,5.71,67.81
2018-01-14,63.25599999999999,19975,36276,7605,42921,245023,3.24,69.47
2018-01-21,63.77,18593,35292,7624,44654,244175,4.12,69.39
2018-01-28,65.138,17973,36231,8414,47781,248422,3.43,70.04
2018-02-04,65.318,19839,37280,7009,44000,252533,3.3,68.0
2018-02-11,62.013999999999996,18858,37774,7596,43333,254993,2.75,65.5
2018-02-18,60.562,19130,37651,8796,38938,253780,2.54,62.72
2018-02-25,62.47,17756,37161,7114,40058,257117,2.62,65.52
2018-03-04,62.07000000000001,18409,38533,7901,45183,259095,2.64,66.02
2018-03-11,61.653999999999996,18420,39028,8136,41895,265162,2.74,65.12
2018-03-18,61.275999999999996,17619,39090,8139,39099,262384,2.71,64.14
2018-03-25,64.106,18729,38610,8069,45073,259011,2.66,67.4
2018-04-01,64.9675,19170,38513,9094,44902,255729,2.67,68.65
2018-04-08,63.074,19736,38628,7434,47058,259490,2.79,67.03
2018-04-15,66.022,19372,39266,8474,43331,256877,2.78,71.24
2018-04-22,67.546,18672,39122,10663,46449,257321,2.83,73.39
2018-04-29,67.912,19059,39328,9306,47206,258401,2.8,74.98
2018-05-06,68.38199999999999,18149,39703,8569,41678,257253,2.75,74.42
2018-05-13,70.556,18747,40128,9771,42349,255806,2.76,76.68
2018-05-20,71.296,18105,40223,8629,46515,257864,2.8,78.75
2018-05-27,70.978,18944,39924,9001,43476,254224,2.83,78.59
2018-06-03,66.9575,19006,38359,8745,45452,254491,2.88,75.35
2018-06-10,65.35,18590,40212,8742,45723,252848,2.92,73.98
2018-06-17,66.20599999999999,19185,39820,9971,45006,250817,2.99,74.26
2018-06-24,66.324,19482,40630,11544,45871,242930,2.99,74.12
2018-07-01,74.026,19810,40628,9812,49929,243770,2.98,75.24
2018-07-08,73.72749999999999,19952,39875,9681,40941,234468,2.91,76.33
2018-07-15,71.964,19174,39466,7664,49440,236653,2.89,75.29
2018-07-22,68.952,19093,40349,10734,43819,235461,2.78,71.27
2018-07-29,70.01,19510,40455,7648,43338,239719,2.79,74.0
2018-08-05,69.462,19517,40194,8902,44227,238268,2.8,73.37
2018-08-12,67.904,19721,40586,8461,49285,240339,2.96,71.42
2018-08-19,66.146,19567,39870,7683,42798,236989,3.0,69.82
2018-08-26,68.102,18837,40341,8405,42762,237059,3.01,72.77
2018-09-02,69.656,19363,40006,7077,43156,235166,2.97,76.08
2018-09-09,68.5125,20330,39080,8516,43811,232220,2.94,76.64
2018-09-16,68.958,19585,39546,9957,44778,229341,2.93,78.11
2018-09-23,70.276,19155,38261,10477,43571,230185,3.03,78.97
2018-09-30,72.838,19185,39174,9121,44820,238460,3.06,81.85
2018-10-07,75.126,19008,38706,10051,41729,243106,3.23,85.44
2018-10-14,72.95599999999999,19302,39856,9336,42290,245941,3.3,83.05
2018-10-21,70.238,19036,40000,9708,41786,249562,3.26,80.41
2018-10-28,67.426,19649,39751,10324,40117,250357,3.32,78.23
2018-11-04,65.05600000000001,19435,39174,9742,41504,257738,3.28,74.09
2018-11-11,61.574,19893,39547,8505,40503,264137,3.58,70.34
2018-11-18,56.916,19639,39446,9140,41433,267408,4.23,66.21
2018-11-25,54.98666666666666,21252,39210,11156,44679,274392,4.67,61.22
2018-12-02,51.013999999999996,20230,38417,12252,39333,267059,4.43,58.65
2018-12-09,52.626,20762,39221,10088,40452,272037,4.49,60.47
2018-12-16,51.541999999999994,20484,39502,10102,40739,272268,4.38,59.51
2018-12-23,46.980000000000004,20895,39638,11825,41965,270612,3.73,54.64
2018-12-30,45.22333333333333,20885,36716,9853,40192,271800,3.26,51.03
2019-01-06,46.99666666666667,20391,34675,9002,43401,269188,2.92,54.31
2019-01-13,50.78,20959,36869,10651,42427,268899,2.89,58.64
2019-01-20,51.924,19756,37424,8989,45196,271814,3.5,59.83
2019-01-27,52.875,19287,36947,8942,38661,270741,3.19,61.34
2019-02-03,53.634,20443,37791,10892,41253,271918,2.9,61.38
2019-02-10,53.525999999999996,18200,36947,9905,34973,272584,2.59,61.71
2019-02-17,53.878,19290,37841,11937,41436,277664,2.65,63.36
2019-02-24,56.745,19131,37791,11523,33755,272530,2.71,66.58
2019-03-03,56.122,18383,37828,11075,38824,274993,2.91,64.56
2019-03-10,56.348,18399,39487,10331,38035,268997,3.28,64.73
2019-03-17,57.81,18884,38623,10981,38892,259910,2.89,65.71
2019-03-24,59.436,18725,39280,10970,37141,265029,2.86,67.34
2019-03-31,59.489999999999995,18768,38614,10317,38027,273962,2.71,67.25
2019-04-07,62.36,19173,39303,9894,37068,278222,2.7,69.54
2019-04-14,64.102,18557,39524,10117,35387,278126,2.72,71.33
2019-04-21,63.800000000000004,18119,39870,10911,41433,280344,2.62,70.87
2019-04-28,65.276,18138,40043,10378,41578,289781,2.56,72.93
2019-05-05,62.9,18805,39248,9870,38533,285845,2.59,71.59
2019-05-12,61.814,19047,40819,11909,42375,290576,2.6,71.25
2019-05-19,62.104,19188,40554,10989,40231,294719,2.67,73.32
2019-05-26,60.722,18103,40591,11880,39434,293905,2.66,70.89
2019-06-02,56.9275,19521,39973,11642,44847,299161,2.66,69.29
2019-06-09,52.972,19186,40721,10974,43177,300048,2.45,63.15
2019-06-16,52.522000000000006,19810,40327,12253,41543,294860,2.41,63.19
2019-06-23,54.754,19857,40813,13147,37369,286854,2.4,64.04
2019-06-30,58.382000000000005,18856,40795,10915,41299,287221,2.34,66.51
2019-07-07,57.32333333333333,19602,40493,11385,41882,280154,2.31,63.84
2019-07-14,59.024,19764,38773,9592,38946,279365,2.47,65.98
2019-07-21,56.748000000000005,19351,40183,11286,40350,270999,2.44,63.63
2019-07-28,56.053999999999995,18669,40679,10975,38656,266031,2.3,62.8
2019-08-04,56.54600000000001,19688,40190,8784,40974,270056,2.24,62.59
2019-08-11,53.275999999999996,18829,41521,10419,43857,269278,2.11,57.33
2019-08-18,55.306,19094,40914,10891,40538,267483,2.21,58.25
2019-08-25,55.496,19337,40878,11351,34932,264349,2.27,59.57
2019-09-01,55.205999999999996,19308,40668,11445,39041,260482,2.28,59.83
2019-09-08,55.7275,19722,39501,11216,37256,257243,2.46,60.23
2019-09-15,56.160000000000004,18945,38431,11900,38967,258610,2.64,62.74
2019-09-22,59.331999999999994,18552,39823,11078,36710,257485,2.63,65.56
2019-09-29,56.896,18662,39113,10655,35421,256510,2.52,63.15
2019-10-06,53.122,18285,39063,12021,35853,263092,2.33,59.22
2019-10-13,53.272000000000006,18222,40090,11481,35288,269885,2.26,59.39
2019-10-20,53.488,18218,39423,12302,33567,267683,2.25,59.32
2019-10-27,55.20399999999999,18810,39969,11755,38493,270850,2.25,60.75
2019-11-03,55.17,19099,39480,9395,35158,275322,2.62,60.23
2019-11-10,56.69,19345,40326,10360,33583,276758,2.82,62.39
2019-11-17,56.915,19612,39326,11438,34119,276038,2.73,62.56
2019-11-24,56.9,19606,39620,12165,36166,276688,2.58,63.76
2019-12-01,58.07,20240,38140,11548,34668,273664,2.49,64.74
2019-12-08,57.64,19927,37013,12337,38830,275704,2.38,64.71
2019-12-15,59.248000000000005,19586,38924,12235,38483,272451,2.24,66.5
2019-12-22,60.75,20173,39970,12523,37862,268136,2.28,68.9
2019-12-29,61.29,20717,37562,14596,35864,255589,2.03,68.73
2020-01-05,61.7425,20200,33888,11297,37876,256903,2.05,68.07
2020-01-12,60.839999999999996,20348,36226,11777,36395,254277,2.09,67.93
2020-01-19,58.288,19281,36329,12200,36897,254131,2.06,64.11
2020-01-26,56.1525,18677,37140,12869,36997,257243,1.93,62.2
2020-02-02,52.696000000000005,19056,37853,12566,38251,263229,1.95,58.57
2020-02-09,50.36,18662,36985,11298,38379,267632,1.89,54.59
2020-02-16,50.832,18117,38089,12854,35807,268900,1.9,55.33
2020-02-23,53.135000000000005,18049,38575,12854,34458,271767,2.0,58.61
2020-03-01,48.362,17770,37935,13885,35132,273262,1.88,54.09
2020-03-08,45.574,18212,38954,12460,36658,280085,1.8,50.7
2020-03-15,32.386,17492,39046,14225,37551,282371,1.86,33.72
2020-03-22,24.194,17922,37263,13329,34615,280613,1.82,25.65
2020-03-29,19.438,17135,25996,11606,34650,290610,1.74,23.96
2020-04-05,21.686,16091,21635,11195,33507,302363,1.63,18.72
2020-04-12,24.405,15872,21911,13219,32045,318325,1.77,22.53
2020-04-19,20.119999999999997,15802,22631,10918,27702,332979,1.72,20.0
2020-04-26,3.3240000000000007,15978,24976,11978,30127,343731,1.85,14.24
2020-05-03,15.712,15749,25714,11420,32089,348116,1.71,17.05
2020-05-10,23.464,14747,28455,10984,30535,344897,1.84,23.57
2020-05-17,26.398000000000003,14638,29066,10158,30205,341758,1.63,28.18
2020-05-24,33.096,15173,30359,10699,39110,348612,1.78,33.94
2020-05-31,34.185,15029,30894,10014,34565,348533,1.76,33.7
2020-06-07,37.322,15676,32626,9496,38438,353125,1.7,38.37
2020-06-14,37.872,14805,33400,9277,36513,354325,1.7,39.52
2020-06-21,38.35,15917,35501,10943,37094,353841,1.52,40.95
2020-06-28,39.22,15780,35276,10928,33720,349549,1.57,41.69
2020-07-05,39.847500000000004,16012,36301,9991,41444,356804,1.71,42.3
2020-07-12,40.442,16701,35162,9918,31301,349856,1.78,43.06
2020-07-19,40.57,16003,35828,10886,33550,356081,1.77,43.4
2020-07-26,41.338,16770,36086,10501,29946,346928,1.72,43.57
2020-08-02,40.686,16690,35800,10897,34552,340074,1.82,43.22
2020-08-09,41.568,16932,36948,10948,32708,334705,2.13,44.36
2020-08-16,42.076,18114,36569,9927,31353,331857,2.17,44.54
2020-08-23,42.726,17941,36347,11245,33842,329124,2.39,44.79
2020-08-30,42.932,16880,36449,11073,27740,321174,2.52,45.26
2020-09-06,41.842,15570,35264,10130,31500,323745,2.16,43.06
2020-09-13,37.375,16031,35776,9605,29025,320895,2.16,39.45
2020-09-20,39.554,15792,35484,11017,29909,319281,1.93,40.77
2020-09-27,39.78,16394,35601,12164,29513,319578,1.68,40.89
2020-10-04,38.992,16699,34916,10558,32976,317989,1.65,39.99
2020-10-11,40.188,15438,36499,9660,30500,315775,1.91,41.06
2020-10-18,40.33,15150,35481,11064,29291,316303,2.17,41.32
2020-10-25,40.426,15669,36317,11542,32923,321174,2.74,41.0
2020-11-01,37.316,15677,35233,9833,28621,314325,3.09,37.91
2020-11-08,37.708,16322,35557,10331,31269,318909,2.78,38.64
2020-11-15,40.658,16811,34423,10566,29920,322414,2.75,41.87
2020-11-22,41.516000000000005,17258,34349,10217,30018,322714,2.39,43.01
2020-11-29,44.4,17198,33509,12175,31799,321745,2.39,46.43
2020-12-06,45.37,16838,31556,8422,36547,332174,2.69,47.83
2020-12-13,46.038,17267,34046,10192,31605,329402,2.44,49.32
2020-12-20,47.968,16866,33769,11912,31686,330530,2.7,51.05
2020-12-27,47.7325,17580,34635,12906,30699,323265,2.72,50.61
2021-01-03,47.985,17142,30185,12131,29911,317832,2.38,50.82
2021-01-10,50.094,16712,30426,11151,34768,314683,2.74,53.31
2021-01-17,52.751999999999995,16981,33191,9906,34498,315550,2.82,55.38
2021-01-24,52.8275,17420,33425,11569,29614,306842,2.54,55.23
2021-01-31,52.524,17123,33213,12385,37437,304285,2.71,55.18
2021-02-07,55.396,17457,33230,10090,33629,299086,3.12,58.22
2021-02-14,58.54,17076,33667,12426,33555,294404,4.63,61.13
2021-02-21,60.17,13907,30960,9059,26496,294701,12.18,63.9
2021-02-28,62.303999999999995,11309,34541,8695,36161,316041,2.86,65.86
2021-03-07,62.29200000000001,13408,35253,9503,31908,331754,2.79,65.94
2021-03-14,65.022,15738,35905,9367,32398,336391,2.65,68.15
2021-03-21,63.222,16159,35517,10184,33761,339841,2.53,66.11
2021-03-28,59.95,17392,37375,10602,35447,341485,2.54,62.51
2021-04-04,60.66,17058,37199,11613,36428,336590,2.54,63.68
2021-04-11,59.348,17325,38017,10219,34159,330481,2.45,61.83
2021-04-18,61.926,17182,38126,10563,31960,330411,2.59,64.69
2021-04-25,62.182,16934,37853,9949,38195,326066,2.76,65.34
2021-05-02,63.472,16927,37646,13348,32124,315910,2.88,66.96
2021-05-09,65.1,16988,37965,9650,32816,317369,2.95,68.99
2021-05-16,65.066,17441,39332,12019,37721,318112,2.93,68.73
2021-05-23,64.114,17207,38595,12369,37100,315202,2.91,67.48
2021-05-30,66.398,17829,39331,9722,33427,310348,2.86,69.02
2021-06-06,68.7425,17932,38906,11399,38688,303720,3.03,70.66
2021-06-13,70.112,18495,38781,13514,39425,299813,3.12,71.46
2021-06-20,71.546,18775,39468,12784,40416,292907,3.28,73.11
2021-06-27,73.48400000000001,18187,40075,12428,36739,286514,3.28,75.41
2021-07-04,74.06800000000001,18088,40315,10456,34675,281491,3.72,76.26
2021-07-11,73.345,18227,38623,13645,35981,274556,3.65,76.13
2021-07-18,73.188,18046,38424,10448,40666,275109,3.73,75.8
2021-07-25,69.684,17393,40015,10633,38038,274061,3.93,72.2
2021-08-01,72.75,17246,39816,9233,36527,276619,4.06,75.75
2021-08-08,69.5,17246,39422,11758,35873,277427,4.15,72.26
2021-08-15,68.334,17915,39510,11860,36429,274585,4.1,71.09
2021-08-22,65.048,17767,39802,10751,36441,273235,3.9,68.08
2021-08-29,67.59,17196,39768,10986,37937,265101,4.07,71.02
2021-09-05,69.15,15175,39051,10467,34063,264426,4.49,73.02
2021-09-12,68.9825,15355,38528,9741,32802,259472,4.87,72.01
2021-09-19,71.688,16545,38426,9905,37287,257742,5.42,74.13
2021-09-26,72.18,16880,38889,10588,38178,261741,5.03,75.32
2021-10-03,75.454,17099,39063,9069,40344,263362,5.68,78.44
2021-10-10,78.50399999999999,16449,38765,10526,34633,270408,5.87,82.01
2021-10-17,81.176,16773,38623,10385,32913,269999,5.54,83.87
2021-10-24,83.476,17201,39222,10684,35321,274722,4.95,84.98
2021-10-31,83.84400000000001,17468,38866,11186,34946,275764,5.68,84.12
2021-11-07,81.788,17726,38367,12302,34255,273832,5.48,82.52
2021-11-14,81.92999999999999,17176,38582,12395,35822,269176,4.99,83.39
2021-11-21,78.99199999999999,17560,38353,10101,36171,267345,4.91,81.63
2021-11-28,77.79333333333334,18293,38073,10215,37367,265698,4.9,80.24
2021-12-05,66.89,17210,37316,9803,36439,268864,4.32,71.0
2021-12-12,71.314,17877,38236,11646,36954,266355,3.68,74.79
2021-12-19,71.184,17409,38196,11645,35486,264510,3.78,73.76
2021-12-26,71.625,18002,39207,11414,37672,261267,3.85,73.91
2022-01-02,76.048,17860,33507,9169,32777,260372,3.57,78.16
2022-01-09,77.85799999999999,16865,32540,8575,34037,255165,3.8,80.5
2022-01-16,81.51599999999999,17228,34394,9021,37428,256040,4.42,85.07
2022-01-23,85.92750000000001,16804,34080,9525,34819,256573,4.5,89.16
2022-01-30,86.94,17093,35057,9096,38880,252700,4.6,90.12
2022-02-06,89.596,17182,35522,10553,36035,248379,5.78,92.77
2022-02-13,90.614,15547,35975,8850,33872,250636,4.19,96.43
2022-02-20,92.892,16823,37582,10146,38053,253550,4.39,97.8
2022-02-27,92.175,16977,37573,12761,33387,253225,4.62,99.36
2022-03-06,106.798,16930,38923,10588,36637,251476,4.57,114.43
2022-03-13,113.39000000000001,17400,38666,12241,36193,258621,4.7,122.29
2022-03-20,100.42999999999999,17286,37344,13373,36676,253294,4.68,109.59
2022-03-27,113.69200000000001,17493,36646,11586,35533,249774,5.14,123.6
2022-04-03,103.89200000000001,16647,37299,13324,35549,253592,5.41,111.26
2022-04-10,99.212,16762,38122,11167,33887,258906,6.08,103.33
2022-04-17,101.46000000000001,16892,38031,14870,32902,255220,6.64,105.42
2022-04-24,104.018,17502,37924,13502,34497,255779,7.1,105.72
2022-05-01,102.848,17639,38763,13032,36238,260664,6.81,103.92
2022-05-08,106.68800000000002,17644,39201,11666,34979,262170,8.04,110.36
2022-05-15,104.998,17498,39141,13084,36829,259916,7.47,107.43
2022-05-22,112.178,18118,39641,14917,36438,258967,8.21,112.93
2022-05-29,113.38,17563,40000,14367,36593,252427,8.79,117.66
2022-06-05,116.3725,17584,38748,10338,36009,258881,8.54,124.11
2022-06-12,120.42999999999999,18180,38923,13496,37867,259976,8.95,127.4
2022-06-19,116.45599999999999,17725,38472,13280,35106,259006,7.93,125.08
2022-06-26,107.8825,18816,38769,12871,34683,257413,6.43,116.83
2022-07-03,110.96199999999999,19360,38790,12185,38529,263041,6.35,120.34
2022-07-10,103.315,18719,37816,11875,37774,265100,5.9,113.64
2022-07-17,99.92,18130,37666,13119,36943,264533,6.76,109.8
2022-07-24,102.24,17411,38478,15416,35069,262881,7.76,113.53
2022-07-31,99.604,17674,38809,13470,40850,262148,8.74,109.28
2022-08-07,94.00800000000001,18590,39003,10659,34859,267553,8.14,102.54
2022-08-14,94.652,18327,39790,15709,34354,260257,8.15,104.64
2022-08-21,91.814,18188,39166,15253,35444,258947,9.19,96.73
2022-08-28,94.47200000000001,18000,38801,13909,33623,256722,9.56,98.87
2022-09-04,90.79,18286,38772,13235,38571,266097,9.17,95.31
2022-09-11,85.28999999999999,17708,38360,13331,32207,267136,8.3,90.43
2022-09-18,87.238,19481,37759,13736,38805,269645,8.42,91.41
2022-09-25,83.462,18273,38774,15630,35928,267460,7.69,88.54
2022-10-02,80.076,18180,38107,15163,32478,266799,6.63,87.28
2022-10-09,88.22200000000001,16761,38760,12800,34040,274770,6.01,94.66
2022-10-16,88.974,18341,38411,13606,33203,273955,6.29,94.62
2022-10-23,85.356,17848,39136,16555,35377,276402,5.48,91.04
2022-10-30,87.87,17809,38740,13387,34791,274194,5.12,93.01
2022-11-06,89.136,18691,38080,13213,36535,274634,4.57,95.86
2022-11-13,88.41,18464,38304,13749,32386,270650,4.34,96.08
2022-11-20,84.02000000000001,18337,38131,14169,38529,265884,6.06,92.09
2022-11-27,78.7375,18648,38271,16724,34004,254447,6.41,86.4
2022-12-04,79.292,18957,36209,13155,34698,250454,6.06,85.03
2022-12-11,73.064,18084,37711,15140,38802,259638,4.6,78.56
2022-12-18,75.124,18459,37399,15064,32865,255924,6.78,80.8
2022-12-25,77.27799999999999,18746,39201,12686,35613,256690,6.35,80.68
2023-01-01,79.2325,14470,34113,14761,32071,259213,4.06,81.83
2023-01-08,74.2675,16601,33010,10877,35025,277274,3.65,77.2
2023-01-15,77.096,16774,36194,14061,39114,282304,3.46,80.61
2023-01-22,80.34,16542,35954,15201,33972,284612,3.17,84.57
2023-01-29,80.326,16982,35639,12762,40456,287002,3.08,85.9
2023-02-05,76.506,16405,35674,12062,41252,287634,2.64,81.87
2023-02-12,77.506,16454,37252,12352,35666,302792,2.34,83.3
2023-02-19,78.51,15865,36699,15186,35761,308337,2.41,84.17
2023-02-26,75.42,15951,37834,16757,34749,307957,2.18,81.77
2023-03-05,77.538,17091,37504,12734,35567,309685,2.6,83.6
2023-03-12,77.31,16163,37802,16257,34017,310510,2.48,82.86
2023-03-19,69.6,17142,38175,16876,35013,312060,2.47,74.98
2023-03-26,69.332,17161,38205,15206,31176,304039,2.06,74.24
2023-04-02,73.788,17381,37772,16408,39548,299842,2.01,78.0
2023-04-09,80.6225,16765,38230,11398,35515,301345,2.14,85.99
2023-04-16,81.86600000000001,17471,38067,15655,35957,298044,2.09,87.36
2023-04-23,79.218,17272,38833,15335,36797,292931,2.21,84.62
2023-04-30,76.314,16886,39358,15394,35884,288535,2.2,81.4
2023-05-07,71.164,16853,38408,12113,31880,287814,2.03,74.62
2023-05-14,72.034,17594,38959,15116,38342,291655,2.1,76.08
2023-05-21,71.618,17208,39814,14649,33277,281978,2.29,75.75
2023-05-28,72.61600000000001,18344,39800,16109,40277,287831,2.17,76.48
2023-06-04,69.8525,18511,38183,11127,36289,288743,1.93,73.89
2023-06-11,71.562,17927,39274,12931,36030,296429,1.99,76.06
2023-06-18,69.422,18245,38980,15132,35719,296947,2.05,74.39
2023-06-25,70.405,17007,38614,17113,37587,289508,2.28,75.26
2023-07-02,69.364,17430,39369,13744,39606,287339,2.58,73.55
2023-07-09,71.78999999999999,18291,38489,11321,33155,293707,2.53,76.6
2023-07-16,75.19800000000001,18431,38422,14189,39620,294780,2.53,79.79
2023-07-23,75.608,17309,39369,15522,36140,294692,2.54,79.48
2023-07-30,79.67999999999999,17531,39888,17062,37277,277859,2.59,83.55
2023-08-06,81.398,18108,39616,11131,37012,283110,2.49,85.63
2023-08-13,83.042,17117,39874,15054,38855,277342,2.76,87.83
2023-08-20,80.928,17255,39430,14802,38881,274131,2.59,85.87
2023-08-27,79.97200000000001,17730,39577,14937,37300,263467,2.53,84.71
2023-09-03,82.5,17726,38779,16358,37976,258838,2.57,87.57
2023-09-10,87.1675,17774,38370,12142,41712,263664,2.52,91.29
2023-09-17,89.144,18127,38315,15761,36358,261978,2.71,93.87
2023-09-24,90.27799999999999,17739,38475,14347,38945,259955,2.62,94.86
